coco/bbox_mAP,coco/bbox_mAP_50,coco/bbox_mAP_75,coco/bbox_mAP_l,coco/bbox_mAP_m,coco/bbox_mAP_s,coco/class1_precision,coco/class2_precision,coco/class3_precision,coco/class4_precision,coco/segm_mAP,coco/segm_mAP_50,coco/segm_mAP_75,coco/segm_mAP_l,coco/segm_mAP_m,coco/segm_mAP_s,data_time,epoch,grad_norm,iter,loss,loss_rpn_bbox,loss_rpn_cls,lr,memory,s0.acc,s0.loss_bbox,s0.loss_cls,s0.loss_mask,s1.acc,s1.loss_bbox,s1.loss_cls,s1.loss_mask,s2.acc,s2.loss_bbox,s2.loss_cls,s2.loss_mask,step,time
,,,,,,,,,,,,,,,,0.27348612546920775,1,15.585868692398071,178,2.1135407984256744,0.04839257157582324,0.1004251683014445,4.184768739756767e-05,11805,84.5703125,0.19817425953224302,0.4543060392141342,0.385917404294014,82.421875,0.1967676879838109,0.22845234386622906,0.1858244515955448,84.765625,0.10099404389038683,0.11868363544344902,0.09560326263308525,178,0.7583459854125977
0.191,0.457,0.241,0.203,0.252,0.193,0.281,0.27,0.129,0.256,0.184,0.458,0.204,0.304,0.303,0.167,0.7532137055550853,,,,,,,,,,,,,,,,,,,,,1,1.1398952545658234
,,,,,,,,,,,,,,,,0.3553945064544678,2,11.714974975585937,356,1.813227680325508,0.05893429252319038,0.08990138859371655,7.348084183366415e-05,9227,98.6328125,0.2105788432061672,0.3192716561257839,0.3605447359383106,91.46825408935547,0.1730088277719915,0.16907666604965926,0.17342028692364692,91.33857727050781,0.08553264053771273,0.08933203900232911,0.08362634517252446,356,0.9510631203651428
0.195,0.486,0.228,0.064,0.213,0.224,0.338,0.325,0.244,0.14,0.199,0.494,0.256,0.225,0.263,0.226,0.7278910055756569,,,,,,,,,,,,,,,,,,,,,2,1.094262957572937
,,,,,,,,,,,,,,,,0.2094367265701294,3,10.41503610610962,534,2.148193323612213,0.07305737896822392,0.10341432337881998,9.832921280336106e-05,8881,83.984375,0.2138979710638523,0.4452658347785473,0.3704149901866913,79.48717498779297,0.20284474715590478,0.24160092510282993,0.1820402681827545,73.175537109375,0.10507623618468642,0.12449867911636829,0.08608195446431637,534,0.7246150732040405
0.222,0.49,0.285,0.2,0.292,0.258,0.387,0.298,0.151,0.345,0.234,0.488,0.306,0.3,0.321,0.221,0.6945743262767792,,,,,,,,,,,,,,,,,,,,,3,1.0701222121715546
,,,,,,,,,,,,,,,,0.24298492670059205,4,9.749054503440856,712,1.6575407654047012,0.04478027441073209,0.06665170011110604,9.703256038829375e-05,9227,97.0703125,0.1599548328667879,0.30025189742445946,0.33338365629315375,94.21157836914062,0.15010221675038338,0.1721943948417902,0.16414410546422004,95.59117889404297,0.0944830269087106,0.09314141850918531,0.07845323961228132,712,0.7851165771484375
0.299,0.582,0.398,0.2,0.375,0.252,0.378,0.291,0.376,0.463,0.322,0.59,0.421,0.4,0.496,0.257,0.7005970925092697,,,,,,,,,,,,,,,,,,,,,4,1.0813992694020271
,,,,,,,,,,,,,,,,0.33799856901168823,5,8.217881011962891,890,1.656607511639595,0.04648817121051252,0.06979001192376018,9.538180428862606e-05,9683,90.8203125,0.1755286630243063,0.25696068480610845,0.35278609916567805,93.7377700805664,0.1842769356444478,0.12592013236135244,0.18394695185124874,94.90196228027344,0.10695385717408498,0.06734798476099968,0.08660800345242023,890,0.9129685759544373
0.268,0.508,0.327,0.3,0.303,0.35,0.28,0.252,0.325,0.398,0.272,0.508,0.341,0.5,0.342,0.237,0.7058196812868118,,,,,,,,,,,,,,,,,,,,,5,1.0856555178761482
,,,,,,,,,,,,,,,,0.3333622097969055,6,9.50023946762085,1068,1.722589948773384,0.04400972940493375,0.07050637751817704,9.338950775503009e-05,7824,93.75,0.1870807185769081,0.289734722673893,0.3505342647433281,94.95967864990234,0.19177079908549785,0.1423502115532756,0.17240085750818251,94.76861572265625,0.11806020301301032,0.07450795462355017,0.08163413032889366,1068,0.8593839049339295
0.325,0.656,0.453,0.15,0.344,0.375,0.399,0.403,0.394,0.444,0.332,0.656,0.476,0.35,0.401,0.333,0.7119880318641663,,,,,,,,,,,,,,,,,,,,,6,1.0936699882149696
,,,,,,,,,,,,,,,,0.16087814569473266,7,9.334312248229981,1246,1.5012592643499374,0.030593846243573353,0.060118854917527643,9.107083336710801e-05,9227,79.4921875,0.1323337306967005,0.25546495579183104,0.32347546294331553,82.28105926513672,0.15644542882218956,0.12549092411063612,0.16654568947851658,83.98357391357422,0.104203191139095,0.06602132141124457,0.08056583870202302,1246,0.6706917405128479
0.332,0.622,0.487,0.1,0.355,0.512,0.411,0.357,0.436,0.417,0.336,0.63,0.477,0.2,0.395,0.38,0.6911658123135567,,,,,,,,,,,,,,,,,,,,,7,1.0590534582734108
,,,,,,,,,,,,,,,,0.6719784259796142,8,8.637150263786316,1424,1.6290310680866242,0.056719601387158036,0.08227488582488149,8.844342763700589e-05,11240,84.765625,0.16263176649808883,0.24928030036389828,0.3817608647048473,89.44223022460938,0.1501039259135723,0.12006801031529904,0.18686111718416215,84.72222137451172,0.07985799194430002,0.07156702224165201,0.08790558204054832,1424,1.3509117484092712
0.354,0.645,0.537,0.3,0.407,0.399,0.407,0.415,0.447,0.509,0.371,0.645,0.549,0.4,0.458,0.362,0.6987781748175621,,,,,,,,,,,,,,,,,,,,,8,1.086716167628765
,,,,,,,,,,,,,,,,0.22729170322418213,9,9.86000735759735,1602,1.626103514432907,0.04638673060107976,0.06025538220419548,8.552728670880085e-05,11810,95.703125,0.1699443615972996,0.27108903229236603,0.3373422347009182,96.7676773071289,0.17470691353082657,0.14074349645525217,0.16721862256526948,95.76612854003906,0.10481834700331091,0.07469552457332611,0.07890288867056369,1602,0.7158880114555359
0.324,0.621,0.465,0.3,0.349,0.415,0.385,0.362,0.408,0.443,0.332,0.623,0.472,0.5,0.407,0.307,0.6964544653892517,,,,,,,,,,,,,,,,,,,,,9,1.0927429348230362
,,,,,,,,,,,,,,,,0.37645169496536257,10,7.463394749164581,1780,1.5470945864915848,0.047339571500197054,0.05653459394816309,8.234460417577046e-05,11810,82.2265625,0.1530293758958578,0.2565530650317669,0.3426779478788376,81.31212615966797,0.14954906655475497,0.12972650756128132,0.16816673949360847,79.67807006835938,0.09195844328496605,0.07191233704797924,0.07964695058763027,1780,0.9802091360092163
0.322,0.61,0.453,0.3,0.38,0.443,0.379,0.344,0.392,0.405,0.317,0.612,0.421,0.25,0.409,0.403,0.6901258677244186,,,,,,,,,,,,,,,,,,,,,10,1.0779780149459839
,,,,,,,,,,,,,,,,0.2973260164260864,11,6.8839571356773375,1958,1.2584444403648376,0.03988056421512738,0.05558638729198719,7.891960217374728e-05,11810,97.0703125,0.12446512803435325,0.152214627712965,0.3064498580992222,95.33468627929688,0.13667395245283842,0.07691962840035557,0.15961875580251217,93.89002227783203,0.08595390395494178,0.044694345258176324,0.07598731555044651,1958,0.8753983736038208
0.307,0.625,0.409,0.2,0.334,0.311,0.37,0.297,0.407,0.365,0.294,0.622,0.374,0.3,0.375,0.276,0.6929676979780197,,,,,,,,,,,,,,,,,,,,,11,1.0822832360863686
,,,,,,,,,,,,,,,,0.5403977990150451,12,9.029546928405761,2136,1.3822992324829102,0.035571324988268316,0.061550190307752925,7.527834703603956e-05,9683,95.8984375,0.13596269600093364,0.20239389790222048,0.31802369430661204,91.7835693359375,0.137816499825567,0.10802794536575674,0.1610416267067194,91.68316650390625,0.08683618456707336,0.058795935078524056,0.07627924289554358,2136,1.179649531841278
0.284,0.577,0.384,0.15,0.304,0.307,0.394,0.297,0.4,0.277,0.275,0.577,0.354,0.2,0.337,0.276,0.6976220682263374,,,,,,,,,,,,,,,,,,,,,12,1.0864345729351044
,,,,,,,,,,,,,,,,0.26929914951324463,13,8.803016674518584,2314,1.3794130027294158,0.043205062102060765,0.06112462692290137,7.144855091289505e-05,11240,97.265625,0.12163841240108013,0.21754924915730953,0.29735109508037566,94.70468139648438,0.1384935040026903,0.11483182914089411,0.1568253293633461,94.32048797607422,0.09231347690802068,0.061076149437576534,0.07500424180179835,2314,0.8201629638671875
0.332,0.629,0.451,0.3,0.403,0.351,0.4,0.337,0.435,0.425,0.332,0.632,0.453,0.4,0.455,0.309,0.7131234183907509,,,,,,,,,,,,,,,,,,,,,13,1.1042059659957886
,,,,,,,,,,,,,,,,0.28605941534042356,14,8.829576563835143,2492,1.3340035170316695,0.04086039632966276,0.04478253704146482,6.745936086530524e-05,9683,96.875,0.1456624513491988,0.17049915613606573,0.3079252950847149,95.4091796875,0.1535643920302391,0.08591825719922781,0.15809998102486134,92.98596954345703,0.10211580907925963,0.049315821833442894,0.07525941096246243,2492,0.8499308705329895
0.319,0.633,0.438,0.4,0.335,0.47,0.397,0.392,0.384,0.419,0.326,0.635,0.443,0.5,0.375,0.348,0.6898728385567665,,,,,,,,,,,,,,,,,,,,,14,1.0801547318696976
,,,,,,,,,,,,,,,,0.2538159966468811,15,7.519122219085693,2670,1.3112667590379714,0.031502729561179874,0.048576860934554135,6.334113703827098e-05,7824,95.8984375,0.1295751988887787,0.18990357127040625,0.3063757926225662,91.7835693359375,0.13109468519687653,0.09624110185541213,0.15666994489729405,92.87128448486328,0.09385025205556304,0.052079525450244545,0.07539709992706775,2670,0.7908115148544311
0.344,0.667,0.492,0.3,0.408,0.453,0.387,0.361,0.428,0.485,0.346,0.666,0.48,0.5,0.449,0.334,0.6922619417309761,,,,,,,,,,,,,,,,,,,,,15,1.0844150185585022
,,,,,,,,,,,,,,,,0.1430488109588623,16,8.657978963851928,2848,1.2098597645759583,0.028803054726449773,0.03978701935830031,5.912522160176776e-05,11810,98.4375,0.13155978992581369,0.12018458247184753,0.3092186726629734,99.8046875,0.14996903613209725,0.05714506381191313,0.1574576698243618,100.0,0.1079201839864254,0.03338833288871683,0.07442635484039783,2848,0.6304320335388184
0.309,0.637,0.37,0.15,0.335,0.294,0.318,0.274,0.439,0.407,0.306,0.639,0.369,0.2,0.362,0.266,0.6967406496405602,,,,,,,,,,,,,,,,,,,,,16,1.0904116183519363
,,,,,,,,,,,,,,,,0.6411002039909363,17,7.363426959514618,3026,1.3702035516500473,0.0389930940233171,0.05210023401596118,5.48437002179063e-05,8586,85.7421875,0.11981973499059677,0.22662135642021894,0.3281057752668858,82.17212677001953,0.11710822153836489,0.11599633619189262,0.15844313241541386,81.31634521484375,0.07554705888032913,0.06168778175488114,0.07578084655106068,3026,1.2546359419822692
0.329,0.646,0.412,0.1,0.372,0.37,0.36,0.303,0.45,0.434,0.327,0.647,0.402,0.15,0.411,0.297,0.7263683676719666,,,,,,,,,,,,,,,,,,,,,17,1.1230863332748413
,,,,,,,,,,,,,,,,0.4177409291267395,18,6.995379495620727,3204,1.2547813341021539,0.041485860443208365,0.07357478192498093,5.05291578496713e-05,8586,94.140625,0.1178649377077818,0.15263660196214915,0.33118400275707244,92.7125473022461,0.10341049041599035,0.08706101020798088,0.1603084836155176,92.37113189697266,0.06520380561705678,0.04594994708895683,0.07610142827033997,3204,1.0202434301376342
0.344,0.647,0.501,0.3,0.437,0.376,0.43,0.405,0.43,0.428,0.345,0.647,0.504,0.4,0.494,0.338,0.7027533575892448,,,,,,,,,,,,,,,,,,,,,18,1.094862438738346
,,,,,,,,,,,,,,,,0.4151711821556091,19,7.182551538944244,3382,1.2704468846321106,0.03471027209889144,0.039734904836586794,4.6214430769676916e-05,11810,90.4296875,0.11794158406555652,0.17155121751129626,0.303571043163538,86.26126098632812,0.13963511614128948,0.07921510594896972,0.15814640708267688,85.1598129272461,0.10754209528677165,0.04141796170733869,0.07698114234954119,3382,1.0099032640457153
0.346,0.639,0.504,0.205,0.388,0.458,0.406,0.39,0.424,0.468,0.35,0.64,0.502,0.4,0.421,0.351,0.6841945573687553,,,,,,,,,,,,,,,,,,,,,19,1.0479067489504814
,,,,,,,,,,,,,,,,0.4485644340515137,20,6.841151857376099,3560,1.0900675669312476,0.030349472066154702,0.04102345848368714,4.1932356656305364e-05,9683,95.703125,0.10457292823120952,0.11824796218425035,0.29913332536816595,93.17180633544922,0.10627167103812099,0.0561342786764726,0.15066560134291648,90.625,0.0776503587840125,0.032206731018959545,0.07381179817020893,3560,1.055290424823761
0.35,0.655,0.485,0.4,0.428,0.468,0.38,0.304,0.469,0.498,0.352,0.657,0.479,0.512,0.474,0.363,0.7045653685927391,,,,,,,,,,,,,,,,,,,,,20,1.0939255729317665
,,,,,,,,,,,,,,,,0.7368474960327148,21,6.575214040279389,3738,1.2149848878383636,0.041630739707034084,0.07104344580802717,3.771552467914638e-05,9288,95.703125,0.11200405322015286,0.14271501675248147,0.3020725980401039,96.2890625,0.12221196279861032,0.07090881187468767,0.153569620475173,95.703125,0.08398047315131407,0.041030588746070865,0.07381758969277144,3738,1.3742444038391113
0.359,0.677,0.496,0.4,0.443,0.507,0.408,0.359,0.473,0.502,0.366,0.68,0.506,0.518,0.492,0.359,0.683855913579464,,,,,,,,,,,,,,,,,,,,,21,1.0758137628436089
,,,,,,,,,,,,,,,,0.29987809658050535,22,6.852012205123901,3916,1.107569506764412,0.026984562494908458,0.03371786604511726,3.3596027475739005e-05,11240,94.3359375,0.10703435372561217,0.1389598880894482,0.28560931980609894,96.75173950195312,0.11091387905180454,0.06643317015841603,0.14634158760309218,95.83333587646484,0.08432922956126276,0.03672365106176585,0.07052197717130185,3916,0.8404135704040527
0.369,0.679,0.537,0.3,0.429,0.427,0.407,0.411,0.478,0.505,0.373,0.683,0.528,0.4,0.483,0.345,0.7020267248153687,,,,,,,,,,,,,,,,,,,,,22,1.098263032734394
,,,,,,,,,,,,,,,,0.43527114391326904,23,6.228775012493133,4094,1.1057408183813096,0.03302273036679253,0.041540402732789514,2.9605216907221478e-05,8586,93.9453125,0.09699320215731859,0.1346006765961647,0.302744684368372,96.02510070800781,0.1000436196103692,0.06984795955941081,0.14919540360569955,96.35193634033203,0.0676817674189806,0.0386313725670334,0.07143899723887444,4094,1.0806645274162292
0.348,0.659,0.462,0.3,0.463,0.451,0.423,0.343,0.442,0.471,0.348,0.661,0.457,0.5,0.514,0.336,0.6821368783712387,,,,,,,,,,,,,,,,,,,,,23,1.0745465531945229
,,,,,,,,,,,,,,,,0.19117263555526734,24,7.219651997089386,4272,0.9131752014160156,0.029356397336232475,0.02979555717547555,2.5773465451737627e-05,9288,99.4140625,0.08504382334649563,0.08768684770911932,0.25449664443731307,99.8046875,0.0944517649244517,0.04084531547268853,0.13481095768511295,99.609375,0.06662623248994351,0.023968725180020557,0.06609292440116406,4272,0.72037193775177
0.339,0.662,0.453,0.225,0.407,0.463,0.37,0.334,0.442,0.484,0.342,0.663,0.439,0.4,0.464,0.316,0.7043363526463509,,,,,,,,,,,,,,,,,,,,,24,1.0956266298890114
,,,,,,,,,,,,,,,,0.31145482063293456,25,6.474005615711212,4450,1.1512848079204558,0.032990092140971684,0.0393982683923241,2.2129935051538454e-05,11810,94.3359375,0.11491722445935011,0.1359329246915877,0.31330364756286144,94.19953918457031,0.10845715347677469,0.06582159244571813,0.15454066656529902,97.5429916381836,0.07256660752464086,0.03912288576248102,0.07423375230282545,4450,0.9093825459480286
0.358,0.676,0.483,0.3,0.424,0.392,0.374,0.367,0.461,0.507,0.359,0.677,0.466,0.4,0.495,0.325,0.6954365521669388,,,,,,,,,,,,,,,,,,,,,25,1.0834825187921524
,,,,,,,,,,,,,,,,0.2939595580101013,26,5.953909766674042,4628,1.082322958111763,0.02984964775387198,0.04451901911088498,1.8702355172993248e-05,9683,97.8515625,0.09793526157736779,0.11624211259186268,0.3027954138815403,97.2055892944336,0.10344342049211264,0.056762100709602234,0.15137969851493835,96.41434478759766,0.07332725911401212,0.032539904746226964,0.07352911792695523,4628,0.8600367903709412
0.378,0.676,0.544,0.3,0.493,0.409,0.411,0.399,0.478,0.515,0.379,0.676,0.536,0.429,0.524,0.345,0.703871488571167,,,,,,,,,,,,,,,,,,,,,26,1.09392149746418
,,,,,,,,,,,,,,,,0.4451747417449951,27,7.189749348163605,4806,1.0797538131475448,0.033222436485812065,0.0421445970093373,1.551681176860701e-05,9683,95.3125,0.09912971062585711,0.10845587952062488,0.2958859972655773,96.5811996459961,0.10928746536374093,0.055627543246373534,0.153286050632596,95.64270782470703,0.07573222671635449,0.03330761811230332,0.07367427665740252,4806,1.0355977773666383
0.368,0.67,0.529,0.2,0.441,0.519,0.389,0.394,0.481,0.502,0.371,0.67,0.522,0.4,0.502,0.341,0.689402773976326,,,,,,,,,,,,,,,,,,,,,27,1.0801034644246101
,,,,,,,,,,,,,,,,0.30819451808929443,28,6.690071773529053,4984,1.1649743974208833,0.03840087386779487,0.04751688120886684,1.2597548747170902e-05,7077,94.53125,0.11018007062375546,0.11515564825385809,0.33199664428830145,95.44554138183594,0.11549671813845634,0.056955221807584167,0.16712405048310758,95.25691223144531,0.07043902142904698,0.03354780677473172,0.07816147264093161,4984,0.8701173424720764
0.373,0.674,0.53,0.3,0.459,0.492,0.4,0.392,0.475,0.528,0.377,0.677,0.527,0.4,0.512,0.346,0.6946204826235771,,,,,,,,,,,,,,,,,,,,,28,1.0902757346630096
,,,,,,,,,,,,,,,,0.6913621544837951,29,5.367201507091522,5162,0.9764569655060769,0.030744811255135573,0.04476740159293513,9.966783462977227e-06,8881,92.7734375,0.0836963803973049,0.09471800387836993,0.28961875215172767,94.37751007080078,0.0869345584884286,0.04228664231486619,0.148537190631032,92.78556823730469,0.06027615682687611,0.023703041509725152,0.0711740566417575,5162,1.3470213174819947
0.368,0.672,0.52,0.2,0.45,0.402,0.405,0.386,0.468,0.523,0.374,0.672,0.517,0.4,0.51,0.334,0.6991665810346603,,,,,,,,,,,,,,,,,,,,,29,1.0916556492447853
,,,,,,,,,,,,,,,,0.37515405416488645,30,5.252261352539063,5340,0.8151837199926376,0.019331330730346964,0.03201327071865308,7.64453762833826e-06,6714,98.4375,0.06585882320068777,0.07121312478557229,0.24984532482922078,99.0234375,0.0696201631333679,0.034200623352080586,0.13022079057991504,98.97119140625,0.05860637474688701,0.01985449016210623,0.06441940516233444,5340,0.9343600511550904
0.368,0.674,0.51,0.2,0.474,0.344,0.398,0.355,0.466,0.519,0.367,0.675,0.487,0.4,0.514,0.313,0.6993467807769775,,,,,,,,,,,,,,,,,,,,,30,1.0950300320982933
,,,,,,,,,,,,,,,,0.5109261989593505,31,6.332626461982727,5518,0.9641067892313003,0.030652155040297658,0.041960517082588925,5.648484936265891e-06,9227,99.21875,0.08099823743104935,0.09904602011665702,0.27408421561121943,99.40827941894531,0.08922494696453213,0.04475651786196977,0.14204117618501186,98.99396514892578,0.06464828037060215,0.027255671081366017,0.06943903472274542,5518,1.1318879842758178
0.377,0.673,0.545,0.2,0.465,0.359,0.422,0.406,0.481,0.517,0.382,0.673,0.547,0.4,0.519,0.337,0.6961056739091873,,,,,,,,,,,,,,,,,,,,,31,1.089538112282753
,,,,,,,,,,,,,,,,0.5102375626564026,32,5.999622178077698,5696,1.0371096551418304,0.03327128814707976,0.060455863400966335,3.993816552996393e-06,8586,95.8984375,0.09537958288565278,0.08537487071007491,0.3065030172467232,95.51934814453125,0.09605363630689681,0.04043375090695918,0.1548060178756714,94.68302917480469,0.06545841438419302,0.024901929823681713,0.07447127904742956,5696,1.064804208278656
0.37,0.674,0.528,0.227,0.474,0.339,0.413,0.39,0.472,0.523,0.377,0.675,0.522,0.5,0.525,0.325,0.6920702159404755,,,,,,,,,,,,,,,,,,,,,32,1.0797519162297249
,,,,,,,,,,,,,,,,0.4053826451301575,33,6.416399049758911,5874,0.9864954575896263,0.032044506043894215,0.03277068748720922,2.6931255040425396e-06,9683,94.7265625,0.08795462967827916,0.09648165525868535,0.2919037688523531,93.30628967285156,0.0964665012434125,0.04403253523632884,0.14504464492201805,92.6229476928711,0.0639229854248697,0.025992705841781573,0.06988085806369781,5874,1.028996968269348
0.369,0.672,0.534,0.3,0.452,0.341,0.407,0.382,0.468,0.516,0.371,0.672,0.519,0.4,0.499,0.322,0.7188178524374962,,,,,,,,,,,,,,,,,,,,,33,1.1095980927348137
,,,,,,,,,,,,,,,,0.4157004117965698,34,5.868396282196045,6052,1.0229777947068215,0.034492473624413836,0.051926569705392465,1.7563108336655632e-06,7787,97.0703125,0.09097323722671717,0.08575867423787713,0.3191524393856525,99.77678680419922,0.08654660396277905,0.04240330888424069,0.1531918328255415,99.7652587890625,0.05821866797050461,0.025704616267466916,0.07460936941206456,6052,1.0073055148124694
0.37,0.672,0.528,0.2,0.454,0.341,0.412,0.387,0.466,0.521,0.374,0.675,0.521,0.4,0.52,0.322,0.6904805824160576,,,,,,,,,,,,,,,,,,,,,34,1.0870563089847565
,,,,,,,,,,,,,,,,0.19519848823547364,35,6.058670103549957,6230,0.9831546172499657,0.033596680837217716,0.027990520671664854,1.1905022671712315e-06,11240,97.0703125,0.09085175907239318,0.09814801337197424,0.2703921988606453,97.05882263183594,0.10385723290964961,0.04641059335554019,0.1402929902076721,97.13656616210938,0.07892269003205002,0.025915710514527745,0.06677623558789492,6230,0.7181956529617309
0.374,0.674,0.531,0.2,0.467,0.344,0.418,0.393,0.47,0.525,0.378,0.675,0.525,0.4,0.528,0.326,0.6954313367605209,,,,,,,,,,,,,,,,,,,,,35,1.0876349806785583
,,,,,,,,,,,,,,,,0.2200443148612976,36,6.832566940784455,6408,0.9954861909151077,0.029817786494095343,0.03141158017715497,1.0000059493951202e-06,9227,97.4609375,0.09013521233573556,0.10412745289504528,0.2723794706165791,98.0769271850586,0.10068923179060221,0.05297204821836203,0.14075356312096118,97.327392578125,0.07662539230659604,0.02850698812981136,0.06806746907532216,6408,0.770293927192688
0.378,0.673,0.54,0.227,0.472,0.347,0.422,0.395,0.474,0.526,0.381,0.675,0.535,0.5,0.523,0.328,0.6961920186877251,,,,,,,,,,,,,,,,,,,,,36,1.0867814272642136
